{
    "metrics_history": {
        "train_mse": [
            0.09314122647047043,
            0.08524502267440161,
            0.08142636703948179,
            0.08279494804640611,
            0.07799117838342985,
            0.0748064981152614,
            0.07402169313281774,
            0.07319733413557211,
            0.07267862024406592,
            0.07232200068732103,
            0.07249233635763327,
            0.07225976337989172
        ],
        "val_mse": [
            0.1014269832521677,
            0.09261467959731817,
            0.08840891439467669,
            0.0906296344473958,
            0.08590350300073624,
            0.08143716305494308,
            0.08093616226688027,
            0.08076832396909595,
            0.08007598575204611,
            0.0797053873538971,
            0.07991211954504251,
            0.07994341151788831
        ],
        "train_rmse": [
            0.3051904757204432,
            0.29196750277111594,
            0.28535305682519296,
            0.28774111288866266,
            0.279269007201712,
            0.27350776609679917,
            0.27206928002407355,
            0.2705500584652905,
            0.2695897257761614,
            0.26892750080146327,
            0.2692440089540216,
            0.2688117619820452
        ],
        "val_rmse": [
            0.3184760324611064,
            0.304326600213189,
            0.2973363657453906,
            0.30104756176955794,
            0.2930929937762693,
            0.2853719731419732,
            0.28449281584405656,
            0.28419768466526246,
            0.28297700569489054,
            0.28232142560191403,
            0.28268731762327526,
            0.28274265952963007
        ],
        "train_mae": [
            0.20032419859972925,
            0.1953712991824013,
            0.191855149599114,
            0.1794284869043927,
            0.17799381037579157,
            0.18174774195433288,
            0.17566014557530743,
            0.17372147835284005,
            0.1743966362980336,
            0.1762286148575276,
            0.17484446911833673,
            0.1746908833960276
        ],
        "val_mae": [
            0.2053736235525568,
            0.20121131823339722,
            0.1980936735961976,
            0.18621300944910388,
            0.18515069868462355,
            0.18796319958742194,
            0.1818671728246631,
            0.18038581384961574,
            0.1811046161879805,
            0.18278999375685986,
            0.1816246218231183,
            0.18148314284168526
        ],
        "train_r2": [
            0.14146746020375278,
            0.16810539914643363,
            0.18856352023511203,
            0.2862423207261662,
            0.2948914412919329,
            0.255117883530138,
            0.30445428095811267,
            0.31753316175515856,
            0.31183340376912594,
            0.2963889533838203,
            0.3078507557787181,
            0.3091481252139908
        ],
        "val_r2": [
            0.12919172372175625,
            0.1502499841715248,
            0.16768621238846393,
            0.26421559913141224,
            0.2686206131424096,
            0.22659764288537587,
            0.2768685220327295,
            0.28844488494914544,
            0.28032644797951867,
            0.2629310758927015,
            0.27436814912687857,
            0.2757155279914486
        ],
        "train_spearman": [
            0.4663515470733404,
            0.551521089141308,
            0.5635234409866272,
            0.5750137028785888,
            0.5812167704679101,
            0.5865124869662062,
            0.5880789161428788,
            0.5904318702812135,
            0.5923967439199641,
            0.594201949060061,
            0.5943628897854227,
            0.59444705202664
        ],
        "val_spearman": [
            0.4508338192166584,
            0.5346713745262555,
            0.5497579928404341,
            0.568185632990569,
            0.5719439674600495,
            0.5744429512610892,
            0.5755585417457204,
            0.5787905555120277,
            0.5788947541863498,
            0.5792670353057571,
            0.5794962410876399,
            0.5795166468959003
        ],
        "train_low_ratings_mse": [
            0.2167631983757019,
            0.17860256135463715,
            0.1629050374031067,
            0.2154848277568817,
            0.19278210401535034,
            0.14891871809959412,
            0.1683320552110672,
            0.1710624396800995,
            0.16353534162044525,
            0.153176948428154,
            0.15945474803447723,
            0.16024494171142578
        ],
        "val_low_ratings_mse": [
            0.22237259149551392,
            0.18291814625263214,
            0.16464193165302277,
            0.21543803811073303,
            0.1933600902557373,
            0.14746764302253723,
            0.1681595891714096,
            0.17143256962299347,
            0.1644023060798645,
            0.15433625876903534,
            0.16095629334449768,
            0.1617690622806549
        ]
    },
    "best_epoch": 9,
    "best_val_loss": 0.0797053873538971,
    "training_time": 117.24083852767944,
    "final_train_metrics": {
        "mse": 0.07225976337989172,
        "rmse": 0.2688117619820452,
        "mae": 0.1746908833960276,
        "r2": 0.3091481252139908,
        "spearman": 0.59444705202664,
        "low_ratings_mse": 0.16024494171142578
    },
    "final_val_metrics": {
        "mse": 0.07994341151788831,
        "rmse": 0.28274265952963007,
        "mae": 0.18148314284168526,
        "r2": 0.2757155279914486,
        "spearman": 0.5795166468959003,
        "low_ratings_mse": 0.1617690622806549
    }
}