{
    "metrics_history": {
        "train_mse": [
            0.5444974760214488,
            0.4617580691973368,
            0.4507137358188629,
            0.44126563171545663,
            0.4328404595454534,
            0.4287984232107798,
            0.4252435157696406,
            0.42220578690369925,
            0.4171973546346029,
            0.4172814766565959,
            0.41513717075188955,
            0.4146679401397705,
            0.41386947929859164,
            0.4141677568356196,
            0.41358608603477476
        ],
        "val_mse": [
            0.5505212694406509,
            0.476010262966156,
            0.4689398445188999,
            0.46022414416074753,
            0.45509476587176323,
            0.4529702365398407,
            0.45156603306531906,
            0.44861921668052673,
            0.4459916837513447,
            0.44722387939691544,
            0.4461960904300213,
            0.44551870971918106,
            0.4452410750091076,
            0.44511282071471214,
            0.4451024904847145
        ],
        "train_rmse": [
            0.7379007223342777,
            0.6795278281257779,
            0.6713521697431706,
            0.6642782788225554,
            0.6579061175771612,
            0.6548270177770461,
            0.6521069818439614,
            0.6497736428200972,
            0.6459081626938948,
            0.6459732785933144,
            0.6443113926913675,
            0.6439471563255563,
            0.6433268837057812,
            0.6435586661957242,
            0.6431065899481786
        ],
        "val_rmse": [
            0.7419712052638235,
            0.6899349700994696,
            0.6847918256805494,
            0.6783982194557615,
            0.6746071196420649,
            0.6730306356621819,
            0.6719866316120575,
            0.6697904274327356,
            0.6678260879535515,
            0.6687479939386102,
            0.6679791092766459,
            0.6674718793471236,
            0.6672638720994174,
            0.6671677605480589,
            0.6671600186497348
        ],
        "train_mae": [
            0.20625723545385904,
            0.17350109869819036,
            0.17074060307045258,
            0.17201831772611403,
            0.16971676238466307,
            0.16907794932342324,
            0.16774034417034445,
            0.16832205077038387,
            0.1682433273896809,
            0.1656393434481783,
            0.16579183612740478,
            0.16586266398351854,
            0.16561008702319954,
            0.16559642432793897,
            0.16562801067039604
        ],
        "val_mae": [
            0.20680531889013168,
            0.17921408766171423,
            0.17829711072801546,
            0.18039551943104137,
            0.1774649801332831,
            0.178569458440632,
            0.17713452076001646,
            0.17804088432606793,
            0.177807811086522,
            0.1760235736029667,
            0.17602527694909142,
            0.17612731411554325,
            0.17584906641596532,
            0.17587568250847163,
            0.17592369342635866
        ],
        "train_r2": [
            -0.04075760585416055,
            0.2956953051642769,
            0.3229932338021396,
            0.3159985168343957,
            0.3313861104531004,
            0.3362143487920394,
            0.35005877353361425,
            0.34872060792601556,
            0.3433097771178366,
            0.361735610554908,
            0.36204646525404094,
            0.3622458915660157,
            0.3635817447495463,
            0.36357064280592,
            0.36339580856152964
        ],
        "val_r2": [
            -0.014110880223318079,
            0.2754494755372553,
            0.29326066923899685,
            0.2803642925721147,
            0.29252964658099123,
            0.2826720943313492,
            0.30076335474586335,
            0.29093725914888324,
            0.28346296984109465,
            0.30340754154021754,
            0.29853108161511566,
            0.2990243425321818,
            0.300707401802107,
            0.3006701745318052,
            0.300419384137
        ],
        "train_spearman": [
            0.5050285625817819,
            0.5675806772645193,
            0.5911098215889429,
            0.5931843719395938,
            0.597060036399483,
            0.6041670658697537,
            0.6096936742304683,
            0.6156234111302372,
            0.6153077201983748,
            0.6172272483439211,
            0.6206023690607017,
            0.6219618170171333,
            0.6222567628139433,
            0.6225011103825276,
            0.6225866583701906
        ],
        "val_spearman": [
            0.52483105878841,
            0.5522497415462111,
            0.5691722590348062,
            0.5726193530681274,
            0.5759603848328251,
            0.5691118508755848,
            0.5781872396592541,
            0.5783927627373088,
            0.5788137768925935,
            0.5796689176399435,
            0.5788796324258605,
            0.5806798583921948,
            0.5814123467031184,
            0.5816346218525452,
            0.5817059019407813
        ],
        "train_low_ratings_mse": [
            0.3748774230480194,
            0.1807665079832077,
            0.20966191589832306,
            0.16374066472053528,
            0.17186221480369568,
            0.1664465367794037,
            0.18609362840652466,
            0.1653885394334793,
            0.14983735978603363,
            0.17144891619682312,
            0.1640295535326004,
            0.1625947207212448,
            0.16297176480293274,
            0.16222120821475983,
            0.16201096773147583
        ],
        "val_low_ratings_mse": [
            0.34495460987091064,
            0.16710549592971802,
            0.20822100341320038,
            0.16261489689350128,
            0.17168688774108887,
            0.1697014719247818,
            0.19042760133743286,
            0.17291371524333954,
            0.15739209949970245,
            0.1810128092765808,
            0.175339937210083,
            0.17416326701641083,
            0.17436031997203827,
            0.17348773777484894,
            0.17325706779956818
        ]
    },
    "best_epoch": 14,
    "best_val_loss": 0.4451024904847145,
    "training_time": 145.59927606582642,
    "final_train_metrics": {
        "mse": 0.41358608603477476,
        "rmse": 0.6431065899481786,
        "mae": 0.16562801067039604,
        "r2": 0.36339580856152964,
        "spearman": 0.6225866583701906,
        "low_ratings_mse": 0.16201096773147583
    },
    "final_val_metrics": {
        "mse": 0.4451024904847145,
        "rmse": 0.6671600186497348,
        "mae": 0.17592369342635866,
        "r2": 0.300419384137,
        "spearman": 0.5817059019407813,
        "low_ratings_mse": 0.17325706779956818
    }
}